"route_boulder","name","location_name","sector_name","area_name","country_code","date","type","sub_type","rating","project","tries","repeats","difficulty","perceived_hardness","comment","height","recommended","sits"
"ROUTE","Prost Mahlzeit","Schwarzbrennerei","Schwarzbrennerei",,"DE","2017-07-22T12:00:00Z","rp",,"3","0","2","0","7-",,"","12","0","null"
"ROUTE","Adolf Nolder Ged.-Boulder","Spieser Wand","Spieser Wand",,"DE","2017-07-22T12:00:00Z","os",,"4","0","1","0","7-",,"","20","0","null"
"ROUTE","Lots Weib","Zimmerbergwände","Sektor 1",,"DE","2017-07-22T12:00:00Z","rp",,"3","0","3","0","7-",,"","15","0","null"
"ROUTE","Grande Finale","Piccolino","Piccolino",,"DE","2017-07-22T12:00:00Z","rp",,"2","0","2","0","6",,"","10","0","null"
"ROUTE","Denkste","Röthenbacher Wand","Röthenbacher Wand",,"DE","2017-07-22T12:00:00Z","os",,"3","0","1","0","6",,"","15","0","null"
"ROUTE","Hersbrucker Weg","Zimmerbergwände","Sektor 2",,"DE","2017-07-22T12:00:00Z","tr",,"5","0","2","0","7",,"","25","0","null"
"ROUTE","Rumrosine","Schwarzbrennerei","Schwarzbrennerei",,"DE","2017-07-22T12:00:00Z","rp",,"0","0","2","0","6",,"","12","0","null"
"ROUTE","Petite Fleur","Algersdorfer Wand","Algersdorfer Wand",,"DE","2017-07-22T12:00:00Z","tr",,"4","0","2","0","7+",,"","22","0","null"
"ROUTE","Starfighter Kandidatenweg","Zimmerbergwände","Sektor 1",,"DE","2017-07-22T12:00:00Z","rp",,"4","0","2","0","7",,"","15","0","null"
"ROUTE","Räuber Hotzenplotz","Hexenküche","Sektor 2",,"DE","2017-07-22T12:00:00Z","os",,"3","0","1","0","6",,"","15","0","null"
"ROUTE","Al Capone","Schwarzbrennerei","Schwarzbrennerei",,"DE","2017-07-22T12:00:00Z","go",,"3","1","2","0","7-",,"","12","0","null"
"ROUTE","Trivialitätenkabinett","Zimmerbergwände","Sektor 1",,"DE","2017-07-22T12:00:00Z","os",,"3","0","1","0","7-",,"","15","0","null"
"ROUTE","Piccolina","Piccolino","Piccolino",,"DE","2017-07-22T12:00:00Z","rp",,"3","0","2","0","8-",,"","10","0","null"
"ROUTE","Wissen macht ah","Piccolino","Piccolino",,"DE","2017-07-22T12:00:00Z","rp",,"2","0","2","0","6-",,"","10","0","null"
"ROUTE","Devilwall","Hexenküche","Sektor 2",,"DE","2017-07-22T12:00:00Z","go",,"4","1","3","0","7+/8-",,"","15","0","null"
"ROUTE","Lochgeheimnis (Herz Ass)","Zimmerbergwände","Sektor 1",,"DE","2017-07-22T12:00:00Z","rp",,"2","1","2","0","6-",,"","15","0","null"
"ROUTE","Georg Meier Ged.-Weg","Röthenbacher Wand","Röthenbacher Wand",,"DE","2017-07-22T12:00:00Z","rp",,"5","0","1","0","6+",,"","15","0","null"
"ROUTE","Paul Preuß Ged.-Weg","Algersdorfer Wand","Algersdorfer Wand",,"DE","2017-07-22T12:00:00Z","rp",,"4","0","2","0","6+",,"","22","0","null"
"ROUTE","Absinth","Schwarzbrennerei","Schwarzbrennerei",,"DE","2017-07-22T12:00:00Z","rp",,"0","0","2","0","6-",,"","21","0","null"
"ROUTE","Rolling Stone","Zimmerbergwände","Sektor 1",,"DE","2017-07-22T12:00:00Z","go",,"3","1","2","0","7+/8-",,"","15","0","null"
"ROUTE","Nicht vergessen","Hühnersteinwand","Hühnersteinwand",,"DE","2017-07-22T12:00:00Z","rp",,"4","0","1","0","7+",,"Crux nach Gemüse ","25","0","null"
"ROUTE","Die wilden Kerle","Piccolino","Piccolino",,"DE","2017-07-22T12:00:00Z","rp",,"4","0","2","0","8-",,"","10","0","null"
"ROUTE","Butterfinger","Hühnersteinwand","Hühnersteinwand",,"DE","2017-07-22T12:00:00Z","rp",,"5","1","1","0","6+",,"","25","0","null"
"ROUTE","Röthenbacher Weg","Kirchthalwände","Kirchthalwände",,"DE","2017-07-22T12:00:00Z","go",,"4","1","2","0","8+",,"","18","0","null"
"ROUTE","Sonntagsverschneidung","Hühnersteinwand","Hühnersteinwand",,"DE","2017-07-22T12:00:00Z","os",,"5","0","1","0","5+",,"","25","0","null"
"ROUTE","Kurz und schmerzlos","Hexenküche","Sektor 2",,"DE","2017-07-22T12:00:00Z","os",,"1","0","1","0","6+",,"","15","0","null"
"ROUTE","Alkoholfrei","Schwarzbrennerei","Schwarzbrennerei",,"DE","2017-07-22T12:00:00Z","rp",,"0","0","2","0","5",,"","21","0","null"
"ROUTE","Grappatoni","Schwarzbrennerei","Schwarzbrennerei",,"DE","2017-07-22T12:00:00Z","rp",,"0","0","2","0","6-",,"","12","0","null"
"ROUTE","N.N.","Zimmerbergwände","Sektor 1",,"DE","2017-07-22T12:00:00Z","rp",,"1","0","2","0","6",,"","15","0","null"
"ROUTE","Konrad Oed Ged.-Weg","Zimmerbergwände","Sektor 1",,"DE","2017-07-22T12:00:00Z","os",,"2","0","1","0","5",,"","15","0","null"
"ROUTE","Father and Son","Spieser Wand","Spieser Wand",,"DE","2017-07-22T12:00:00Z","go",,"4","1","2","0","7+/8-",,"","20","0","null"
"ROUTE","Irrweg","Bolzenstein","Bolzenstein",,"DE","2017-07-22T12:00:00Z","go",,"5","1","2","0","7+/8-",,"","15","0","null"
"ROUTE","Direkte Nordwand","Spieser Wand","Spieser Wand",,"DE","2017-07-22T12:00:00Z","rp",,"4","1","2","0","7+",,"Geil Dynamisch. An Leisten Kreuzen dann weit Raus ","20","0","null"
"ROUTE","Genitale Entkrampfung","Kirchthalwände","Kirchthalwände",,"DE","2017-07-22T12:00:00Z","go",,"2","1","2","0","7+/8-",,"","18","0","null"
"ROUTE","Mururoa","Algersdorfer Wand","Algersdorfer Wand",,"DE","2017-07-22T12:00:00Z","go",,"0","1","2","0","8+/9-",,"Zwei irre weite Zug am Ende der Tour ","21","0","null"
"ROUTE","Fingerhakler","Bolzenstein","Bolzenstein",,"DE","2017-07-22T12:00:00Z","go",,"4","1","2","0","7+/8-",,"","15","0","null"
"ROUTE","Trabant","Zimmerbergwände","Sektor 1",,"DE","2017-07-22T12:00:00Z","os",,"3","0","1","0","5+",,"","15","0","null"
"ROUTE","Gemeinsam","Zimmerbergwände","Sektor 1",,"DE","2017-07-22T12:00:00Z","os",,"3","0","1","0","6+",,"","15","0","null"
"ROUTE","Klein und gemein","Hexenküche","Sektor 2",,"DE","2017-07-22T12:00:00Z","os",,"0","0","1","0","6",,"","15","0","null"
"ROUTE","Südostkante","Kirchthalwände","Kirchthalwände",,"DE","2017-07-22T12:00:00Z","os",,"0","0","1","0","6-",,"","21","0","null"
"ROUTE","Rechte Nordwand","Spieser Wand","Spieser Wand",,"DE","2017-07-22T12:00:00Z","rp",,"3","0","2","0","7",,"","20","0","null"
"ROUTE","Streiflicht","Algersdorfer Wand","Algersdorfer Wand",,"DE","2017-07-22T12:00:00Z","rp",,"3","0","2","0","7-",,"","22","0","null"
"ROUTE","Nebenbei","Spieser Wand","Spieser Wand",,"DE","2017-07-22T12:00:00Z","rp",,"0","1","2","0","7+",,"","21","0","null"
"ROUTE","Höhenkoller","Algersdorfer Wand","Algersdorfer Wand",,"DE","2017-07-22T12:00:00Z","rp",,"0","1","2","0","7+",,"","21","0","null"
"ROUTE","Hufeisen","Hühnersteinwand","Hühnersteinwand",,"DE","2017-07-22T12:00:00Z","os",,"0","0","1","0","4",,"","25","0","null"
"ROUTE","Faule Kalorie","Zimmerbergwände","Sektor 1",,"DE","2017-07-22T12:00:00Z","os",,"2","0","1","0","6+",,"","15","0","null"
"ROUTE","Seelendoping","Große Wacht","Große Wacht",,"DE","2017-07-30T12:00:00Z","os",,"0","0","1","0","6",,"","18","0","null"
"ROUTE","Hometrainer","Hauseck","Hauseck",,"DE","2017-07-30T12:00:00Z","rp",,"0","1","2","0","7+",,"","10","0","null"
"ROUTE","Bauhaus","Hauseck","Hauseck",,"DE","2017-07-30T12:00:00Z","go",,"4","1","2","0","7+/8-",,"Crux nach dem letzten Hacken vor dem Umlenker. Macht Spaß!","10","0","null"
"ROUTE","Moser Ged.-Weg","Große Wacht","Große Wacht",,"DE","2017-07-30T12:00:00Z","rp",,"0","1","2","0","6",,"Aufpassen das man nicht in die 8- reinkommt.","21","0","null"
"ROUTE","Sportflieger","Große Wacht","Große Wacht",,"DE","2017-07-30T12:00:00Z","rp",,"5","1","2","0","7",,"","18","0","null"
"ROUTE","Grün ist die Hoffnung","Hauseck","Hauseck",,"DE","2017-07-30T12:00:00Z","tr",,"4","0","2","0","7+",,"Nach dem ersten Hacken Sack schwer für den Grad!","10","0","null"
"ROUTE","Diesel mit Schuss","Schwarzbrennerei","Schwarzbrennerei",,"DE","2017-08-01T12:00:00Z","go",,"4","1","2","0","7+/8-",,"Nicht schön speckig ","12","0","null"
"ROUTE","Kleiner Feigling","Schwarzbrennerei","Schwarzbrennerei",,"DE","2017-08-01T12:00:00Z","go",,"1","1","2","0","7+",,"Ende ist crrap ","12","0","null"
"ROUTE","Direkte Weiße Wand","Weiße Wand (Hirschbachtal)","Südseite",,"DE","2017-08-01T12:00:00Z","os",,"3","0","1","0","7-",,"","15","0","null"
"ROUTE","Arrabiata","Weiße Wand (Hirschbachtal)","Südseite",,"DE","2017-08-01T12:00:00Z","tr",,"3","0","2","0","7+",,"","15","0","null"
"ROUTE","Boulder","Weiße Wand (Hirschbachtal)","Südseite",,"DE","2017-08-01T12:00:00Z","tr",,"3","0","2","0","7-",,"","15","0","null"
"ROUTE","Kiefernverschneidung","Weiße Wand (Hirschbachtal)","Südseite",,"DE","2017-08-01T12:00:00Z","os",,"4","0","1","0","6-",,"","15","0","null"
"ROUTE","Erogene Zone","Kirchthalwände","Kirchthalwände",,"DE","2017-08-01T12:00:00Z","go",,"4","0","2","0","8+/9-",,"","18","0","null"
"ROUTE","Referendarsteig","Steingarten / Langer Berg Wände","Sektor 1",,"DE","2017-08-05T12:00:00Z","go",,"5","1","2","0","7+",,"","25","0","null"
"ROUTE","Methusalemkante","Steingarten / Langer Berg Wände","Sektor 1",,"DE","2017-08-05T12:00:00Z","os",,"3","0","1","0","6+",,"","25","0","null"
"ROUTE","Westkante (Alter Weg)","Steingarten / Langer Berg Wände","Sektor 1",,"DE","2017-08-05T12:00:00Z","os",,"4","0","1","0","4+",,"","25","0","null"
"ROUTE","Hummelstaner Weg","Hartensteiner Wand","Hartensteiner Wand",,"DE","2017-08-09T12:00:00Z","os",,"4","0","1","0","5+",,"","20","0","null"
"ROUTE","Mikado","Engelswand","Engelswand",,"AT","2017-08-20T12:00:00Z","go",,"0","0","2","0","6b+",,"","20","0","null"
"ROUTE","Hummelstaner Weg","Hartensteiner Wand","Hartensteiner Wand",,"DE","2017-08-20T12:00:00Z","rp",,"4","0","2","0","5+",,"","20","0","null"
"ROUTE","Linke Wand","Oetz","Oetz",,"AT","2017-08-20T12:00:00Z","rp",,"4","0","2","0","6a",,"","20","0","null"
"ROUTE","Der Wolf und die Zwerge","Engelswand","Engelswand",,"AT","2017-08-20T12:00:00Z","os",,"4","0","1","0","5c+",,"","25","0","null"
"ROUTE","Windwalker","Engelswand","Engelswand",,"AT","2017-08-20T12:00:00Z","go",,"0","0","2","0","6b+",,"","30","0","null"
"ROUTE","Kilomanie","Roter Fels","Sektor 3",,"DE","2017-08-20T12:00:00Z","go",,"4","0","2","0","7+/8-",,"","30","0","null"
"ROUTE","Die 101jährige","Hartensteiner Wand","Hartensteiner Wand",,"DE","2017-08-20T12:00:00Z","os",,"4","0","1","0","6-",,"","20","0","null"
"ROUTE","Kilomanie","Roter Fels","Sektor 3",,"DE","2017-08-20T12:00:00Z","rp",,"4","0","2","0","8-",,"","30","0","null"
"ROUTE","Die 101jährige","Hartensteiner Wand","Hartensteiner Wand",,"DE","2017-08-20T12:00:00Z","rp",,"4","0","2","0","6",,"","20","0","null"
"ROUTE","Computerspiele","Ankatalturm & Ankatalwand","Ankatalwand",,"DE","2017-08-20T12:00:00Z","go",,"5","0","2","0","7+/8-",,"","30","0","null"
"ROUTE","Its your time","Engelswand","Engelswand",,"AT","2017-08-20T12:00:00Z","os",,"4","0","1","0","6a",,"","25","0","null"
"ROUTE","Schmidtchen-Schleicher","Oetz","Oetz",,"AT","2017-08-20T12:00:00Z","f",,"5","0","1","0","6b",,"","30","0","null"
"ROUTE","Kurzer Riss","Hartensteiner Wand","Hartensteiner Wand",,"DE","2017-08-20T12:00:00Z","os",,"3","0","1","0","4",,"","20","0","null"
"ROUTE","Harakiri","Oetz","Oetz",,"AT","2017-08-20T12:00:00Z","os",,"5","0","1","0","6a",,"","30","0","null"
"ROUTE","Touch and go","Oetz","Oetz",,"AT","2017-08-20T12:00:00Z","go",,"4","0","2","0","6c",,"","20","0","null"
"ROUTE","Santa Zofia","Hartensteiner Wand","Hartensteiner Wand",,"DE","2017-08-20T12:00:00Z","os",,"4","0","1","0","5+",,"","20","0","null"
"ROUTE","Harter Hund","Roter Fels","Sektor 2",,"DE","2017-08-20T12:00:00Z","go",,"4","0","2","0","7-",,"","35","0","null"
"ROUTE","Softmover","Roter Fels","Sektor 2",,"DE","2017-08-20T12:00:00Z","os",,"3","0","1","0","5-",,"","35","0","null"
"ROUTE","Abkürzer","Hartensteiner Wand","Hartensteiner Wand",,"DE","2017-08-20T12:00:00Z","os",,"4","0","1","0","6-",,"","20","0","null"
"ROUTE","Admiral","Gotthardskirche","Gotthardskirche",,"DE","2017-08-26T12:00:00Z","go",,"2","0","2","0","7+/8-",,"","15","0","null"
"ROUTE","Siebenschläfer","Gotthardskirche","Gotthardskirche",,"DE","2017-08-26T12:00:00Z","os",,"4","0","1","0","6+",,"","15","0","null"
"ROUTE","N.N.","Gotthardskirche","Gotthardskirche",,"DE","2017-08-26T12:00:00Z","os",,"3","0","1","0","7-",,"","15","0","null"
"ROUTE","Liebe auf den zweiten Blick","Klausener Wand","Klausener Wand",,"DE","2017-09-02T12:00:00Z","go",,"3","0","2","0","7+/8-",,"","20","0","null"
"ROUTE","EM Finale","Klausener Wand","Klausener Wand",,"DE","2017-09-02T12:00:00Z","go",,"0","0","1","0","6+",,"","20","0","null"
"ROUTE","Liebe auf den zweiten Blick","Klausener Wand","Klausener Wand",,"DE","2017-09-02T12:00:00Z","go",,"4","0","2","0","7+/8-",,"","20","0","null"
"ROUTE","Zum Warmmachen","Klausener Wand","Klausener Wand",,"DE","2017-09-02T12:00:00Z","os",,"5","0","1","0","7-",,"","20","0","null"
"ROUTE","Nur Fliegen ist schöner","Klausener Wand","Klausener Wand",,"DE","2017-09-02T12:00:00Z","go",,"4","0","2","0","8+",,"","20","0","null"
"ROUTE","EM Finale","Klausener Wand","Klausener Wand",,"DE","2017-09-02T12:00:00Z","rp",,"0","0","2","0","6+",,"","20","0","null"
"ROUTE","Nur Fliegen ist schöner","Klausener Wand","Klausener Wand",,"DE","2017-09-03T12:00:00Z","go",,"4","0","2","0","8+",,"","20","0","null"
"ROUTE","Liebe auf den zweiten Blick","Klausener Wand","Klausener Wand",,"DE","2017-09-03T12:00:00Z","rp",,"3","0","3","0","7+/8-",,"","20","0","null"
"ROUTE","Zum Warmmachen","Klausener Wand","Klausener Wand",,"DE","2017-09-03T12:00:00Z","rp",,"4","0","2","0","7",,"","20","0","null"
"ROUTE","Goude Haud","Happurger Wand","Happurger Wand",,"DE","2017-09-12T12:00:00Z","os",,"3","0","1","0","6+",,"","18","0","null"
"ROUTE","Frauen über 30","Hohler Fels","Hohler Fels",,"DE","2017-09-12T12:00:00Z","go",,"0","0","2","0","7-",,"","25","0","null"
"ROUTE","Barrakuda","Hohler Fels","Hohler Fels",,"DE","2017-09-12T12:00:00Z","go",,"4","0","2","0","7+/8-",,"","25","0","null"
"GYM_ROUTE","Frauenpower","Cube Kletterzentrum",,,,"2017-10-22T12:00:00Z","rp",,"5","0","2","0","6-",,"","13","0","null"
"ROUTE","Hersbrucker Weg","Kanzelfels (Förrenbach)","Kanzelfels",,"DE","2018-04-02T12:00:00Z","go",,"5","0","0","0","6-",,"","15","0","null"
"ROUTE","Hersbrucker Weg","Kanzelfels (Förrenbach)","Kanzelfels",,"DE","2018-04-02T12:00:00Z","rp",,"5","0","3","0","6-",,"","15","0","null"
"ROUTE","Größenwahn","Kanzelfels (Förrenbach)","Kanzelfels",,"DE","2018-04-02T12:00:00Z","go",,"5","0","0","0","7+/8-",,"","15","0","null"
"ROUTE","Arrabiata","Weiße Wand (Hirschbachtal)","Südseite",,"DE","2018-04-04T12:00:00Z","rp",,"5","0","3","0","7",,"","15","0","null"
"ROUTE","Lady Domina","Weiße Wand (Hirschbachtal)","Südseite",,"DE","2018-04-04T12:00:00Z","go",,"5","0","0","0","7-",,"","15","0","null"
"ROUTE","Boulder","Weiße Wand (Hirschbachtal)","Südseite",,"DE","2018-04-04T12:00:00Z","go",,"5","0","3","0","7-",,"","15","0","null"
"ROUTE","Verfassungsbeschwerde","Weiße Wand (Hirschbachtal)","Südseite",,"DE","2018-04-04T12:00:00Z","rp",,"5","0","3","0","7-",,"","15","0","null"
"ROUTE","Kiefernverschneidung","Weiße Wand (Hirschbachtal)","Südseite",,"DE","2018-04-04T12:00:00Z","go",,"5","0","3","0","6-",,"","15","0","null"
"ROUTE","Für Elsa und Dani","Lug ins Land","Lug ins Land",,"DE","2018-04-08T12:00:00Z","os",,"5","0","1","0","6-",,"","12","0","null"
"ROUTE","Wilde Amelie","Lug ins Land","Lug ins Land",,"DE","2018-04-08T12:00:00Z","go",,"5","0","0","0","6-",,"","12","0","null"
"ROUTE","Höhenglückwand","Himmelsfels","Himmelsfels",,"DE","2018-04-08T12:00:00Z","rp",,"5","0","2","0","7-",,"","15","0","null"
"ROUTE","Nürnberger Weg","Prellstein","Prellstein",,"DE","2018-04-08T12:00:00Z","go",,"5","0","0","0","6+",,"","18","0","null"
"ROUTE","Theresa","Lug ins Land","Lug ins Land",,"DE","2018-04-08T12:00:00Z","go",,"5","0","0","0","6+",,"","12","0","null"
"ROUTE","Himmelstor","Himmelsfels","Himmelsfels",,"DE","2018-04-08T12:00:00Z","rp",,"5","0","2","0","7+/8-",,"","21","0","null"
"ROUTE","Manche mögen‘s heiß","Klausener Wand","Klausener Wand",,"DE","2018-04-30T12:00:00Z","go",,"5","0","0","0","8",,"","20","0","null"
"ROUTE","Manche mögen‘s heiß","Klausener Wand","Klausener Wand",,"DE","2018-04-30T12:00:00Z","go",,"5","0","0","0","7+/8-",,"","20","0","null"
"ROUTE","Obermühlriss","Klausener Wand","Klausener Wand",,"DE","2018-04-30T12:00:00Z","go",,"5","0","0","0","6+",,"","20","0","null"
"ROUTE","Zufall","Zimmerbergwände","Sektor 1",,"DE","2018-05-06T12:00:00Z","rp",,"5","0","2","0","7-",,"","15","0","null"
"ROUTE","Murmeltier","Zimmerbergwände","Sektor 1",,"DE","2018-05-06T12:00:00Z","go",,"4","0","0","0","7+",,"","15","0","null"
"ROUTE","Zufall","Zimmerbergwände","Sektor 1",,"DE","2018-05-06T12:00:00Z","go",,"5","0","0","0","7-",,"","15","0","null"
"ROUTE","Freundschaft","Zimmerbergwände","Sektor 1",,"DE","2018-05-06T12:00:00Z","go",,"5","0","0","0","7-",,"","15","0","null"
"ROUTE","Armin Weich Ged.-Weg","Zimmerbergwände","Sektor 1",,"DE","2018-05-06T12:00:00Z","os",,"4","0","1","0","5-",,"","15","0","null"
"ROUTE","Murmeltier","Zimmerbergwände","Sektor 1",,"DE","2018-05-06T12:00:00Z","go",,"5","0","0","0","7+",,"","15","0","null"
"ROUTE","Die Kunst des Pirschens","Steinberg","Sektor 2 & 3",,"DE","2018-05-22T12:00:00Z","go",,"2","0","1","0","7-",,"","15","0","null"
"ROUTE","Sonnenkraft","Steinberg","Sektor 2 & 3",,"DE","2018-05-22T12:00:00Z","rp",,"5","0","3","0","8-",,"","15","0","null"
"ROUTE","Dr. Klemminger","Steinberg","Sektor 2 & 3",,"DE","2018-05-22T12:00:00Z","rp",,"5","0","3","0","7-",,"","15","0","null"
"ROUTE","Dr. Klemminger","Steinberg","Sektor 2 & 3",,"DE","2018-05-22T12:00:00Z","go",,"5","0","1","0","7-",,"","15","0","null"
"ROUTE","Im Regen","Steinberg","Sektor 4",,"DE","2018-05-22T12:00:00Z","os",,"4","0","1","0","7+",,"","20","0","null"
"ROUTE","Sonnenkraft","Steinberg","Sektor 2 & 3",,"DE","2018-05-22T12:00:00Z","go",,"5","0","1","0","7+/8-",,"","15","0","null"
"ROUTE","Nur Fliegen ist schöner","Klausener Wand","Klausener Wand",,"DE","2018-05-27T12:00:00Z","go",,"5","0","1","0","8+",,"","20","0","null"
"ROUTE","Luft unter den Sohlen","Klausener Wand","Klausener Wand",,"DE","2018-05-27T12:00:00Z","go",,"5","0","1","0","7+/8-",,"","20","0","null"
"ROUTE","Zum Warmmachen","Klausener Wand","Klausener Wand",,"DE","2018-05-27T12:00:00Z","rp",,"5","0","1","0","7",,"","20","0","null"
"ROUTE","Luft unter den Sohlen","Klausener Wand","Klausener Wand",,"DE","2018-05-27T12:00:00Z","go",,"5","0","1","0","8-",,"","20","0","null"
"ROUTE","Direkte Talseite","Zankelstein","Zankelstein",,"DE","2018-05-31T12:00:00Z","go",,"5","0","1","0","7+/8-",,"","18","0","null"
"ROUTE","Tabaluga","Zankelstein","Zankelstein",,"DE","2018-05-31T12:00:00Z","go",,"5","0","1","0","7+/8-",,"","18","0","null"
"ROUTE","Sprochkante","Zankelstein","Zankelstein",,"DE","2018-05-31T12:00:00Z","go",,"5","0","1","0","6+",,"","18","0","null"
"ROUTE","Kurzum","Henastoa","Henastoa",,"DE","2018-06-04T12:00:00Z","go",,"5","0","1","0","7-",,"","18","0","null"
"ROUTE","Knödala","Henastoa","Henastoa",,"DE","2018-06-04T12:00:00Z","go",,"5","0","1","0","6+",,"","18","0","null"
"ROUTE","Kurzum","Henastoa","Henastoa",,"DE","2018-06-04T12:00:00Z","rp",,"5","0","3","0","7",,"","18","0","null"
"ROUTE","Knödala","Henastoa","Henastoa",,"DE","2018-06-04T12:00:00Z","rp",,"5","0","3","0","6+",,"","18","0","null"
"ROUTE","Minor Threat","Henastoa","Henastoa",,"DE","2018-06-04T12:00:00Z","go",,"5","0","1","0","7-",,"","18","0","null"
"ROUTE","Minor Threat","Henastoa","Henastoa",,"DE","2018-06-04T12:00:00Z","tr",,"5","0","1","0","7-",,"","18","0","null"
"ROUTE","MaPaKaLi","Henastoa","Henastoa",,"DE","2018-07-30T12:00:00Z","os",,"5","0","1","0","5-",,"","18","0","null"
"ROUTE","ClaMaU.C","Henastoa","Henastoa",,"DE","2018-07-30T12:00:00Z","os",,"5","0","1","0","5-",,"","18","0","null"
"ROUTE","Kurzum","Henastoa","Henastoa",,"DE","2018-07-30T12:00:00Z","go",,"5","0","1","0","7",,"","18","0","null"
"ROUTE","Seifertriss","Zehnerstein","Zehnerstein",,"DE","2018-08-02T12:00:00Z","go",,"5","0","1","0","6+",,"","30","0","null"
"ROUTE","Zwei Jahre später","Zehnerstein","Zehnerstein",,"DE","2018-08-02T12:00:00Z","os",,"5","0","1","0","7-",,"","30","0","null"
"ROUTE","Nürnberger Weg","Bärnhofer Wand","Bärnhofer Wand",,"DE","2018-08-05T12:00:00Z","os",,"4","0","1","0","6+",,"","22","0","null"
"ROUTE","Waldrausch","Bärnhofer Wand","Bärnhofer Wand",,"DE","2018-08-05T12:00:00Z","rp",,"5","0","3","0","7",,"","22","0","null"
"ROUTE","Moralapostel","Bärnhofer Wand","Bärnhofer Wand",,"DE","2018-08-05T12:00:00Z","go",,"5","0","1","0","7-",,"","22","0","null"
"ROUTE","Waldrausch","Bärnhofer Wand","Bärnhofer Wand",,"DE","2018-08-05T12:00:00Z","go",,"5","0","1","0","7-",,"","22","0","null"
"ROUTE","Gummitwist mit dem Antichrist","Bärnhofer Wand","Bärnhofer Wand",,"DE","2018-08-05T12:00:00Z","f",,"5","0","1","0","7-",,"","22","0","null"
"ROUTE","Röthelfieber","Röthelfels","Sektor 6 - Depotweg & Zinnenwand",,"DE","2018-08-06T12:00:00Z","os",,"5","0","1","0","7-",,"","40","0","null"
"ROUTE","Kleiner Dicker","Röthelfels","Sektor 6 - Depotweg & Zinnenwand",,"DE","2018-08-06T12:00:00Z","os",,"5","0","1","0","7-",,"","40","0","null"
"ROUTE","Ratte","Röthelfels","Sektor 6 - Depotweg & Zinnenwand",,"DE","2018-08-06T12:00:00Z","os",,"5","0","1","0","6+",,"","40","0","null"
"ROUTE","Fight Club","Strahlenfels","Strahlenfels",,"DE","2018-09-09T12:00:00Z","go",,"5","0","1","0","8+/9-",,"","25","0","null"
"ROUTE","Symphonie","Strahlenfels","Strahlenfels",,"DE","2018-09-09T12:00:00Z","go",,"5","0","1","0","7+/8-",,"","25","0","null"
"ROUTE","Nightwish","Strahlenfels","Strahlenfels",,"DE","2018-09-09T12:00:00Z","rp",,"5","0","2","0","7+/8-",,"","25","0","null"
"ROUTE","Schmidtstadter Weg","Schmidtstadter Wand","Schmidtstadter Wand",,"DE","2018-09-16T12:00:00Z","rp",,"3","0","2","0","7-",,"","15","0","null"
"ROUTE","Weißglut","Schmidtstadter Wand","Schmidtstadter Wand",,"DE","2018-09-16T12:00:00Z","go",,"3","0","1","0","7+",,"","15","0","null"
"ROUTE","Red Sonja","Schmidtstadter Wand","Schmidtstadter Wand",,"DE","2018-09-16T12:00:00Z","go",,"3","0","1","0","7+/8-",,"","15","0","null"
"ROUTE","Kanaan","Schmidtstadter Wand","Schmidtstadter Wand",,"DE","2018-09-16T12:00:00Z","rp",,"3","0","2","0","6+",,"","15","0","null"
"ROUTE","Plastic Fantastic","Schmidtstadter Wand","Schmidtstadter Wand",,"DE","2018-09-16T12:00:00Z","go",,"5","0","1","0","7+/8-",,"","15","0","null"
"ROUTE","Franz Diewald Ged.-Weg","Kanzelfels (Förrenbach)","Kanzelfels",,"DE","2018-09-28T12:00:00Z","go",,"3","0","1","0","8+",,"","15","0","null"
"ROUTE","Herbstkind","Kanzelfels (Förrenbach)","Kanzelfels",,"DE","2018-09-28T12:00:00Z","os",,"1","0","1","0","6+",,"","15","0","null"
"ROUTE","Hannig Mayer Ged.-Weg","Roter Fels","Sektor 2",,"DE","2018-10-07T12:00:00Z","go",,"3","0","1","0","8-",,"","40","0","null"
"ROUTE","Dolomitweg","Roter Fels","Sektor 2",,"DE","2018-10-07T12:00:00Z","os",,"5","0","1","0","6",,"","40","0","null"
"ROUTE","Luftikus","Roter Fels","Sektor 2",,"DE","2018-10-08T12:00:00Z","go",,"3","0","1","0","8",,"","40","0","null"
"ROUTE","Zentrale Südwand","Kugelspielturm & Brüchige Wand","Brüchige Wand",,"DE","2020-04-11T12:00:00Z","rp","rp","0","0","3","0","6",,"","21","0","null"
"ROUTE","Kletterkursweg","Kugelspielturm & Brüchige Wand","Brüchige Wand",,"DE","2020-04-11T12:00:00Z","rp","rp","0","0","3","0","5",,"","21","0","null"
"ROUTE","Alte und Jungnasen","Graischenstein","Sektor 2",,"DE","2020-04-11T12:00:00Z","rp","rp","0","0","3","0","7+",,"","15","0","null"
"ROUTE","En Mobilette","Graischenstein","Sektor 2",,"DE","2020-04-11T12:00:00Z","go","rp","0","0","1","0","7",,"","15","0","null"
"ROUTE","Direkter Alter Weg","Kugelspielturm & Brüchige Wand","Brüchige Wand",,"DE","2020-04-11T12:00:00Z","rp","rp","0","0","3","0","6",,"","21","0","null"
"ROUTE","Sissi","Graischenstein","Sektor 2",,"DE","2020-04-11T12:00:00Z","rp","rp","0","0","3","0","7+",,"","15","0","null"
"ROUTE","B(l)aumann spezial","Treunitzer Klettergarten","Treunitzer Klettergarten",,"DE","2020-04-19T12:00:00Z","go","rp","0","0","1","0","8-",,"","22","0","null"
"ROUTE","Räuchermännchen (R 12c)","Treunitzer Klettergarten","Treunitzer Klettergarten",,"DE","2020-04-19T12:00:00Z","os","rp","0","0","1","0","5-",,"","22","0","null"
"ROUTE","Nimm‘s leicht","Treunitzer Klettergarten","Treunitzer Klettergarten",,"DE","2020-04-19T12:00:00Z","go","rp","0","0","1","0","8",,"","22","0","null"
"ROUTE","Schlappohralarm","Treunitzer Klettergarten","Treunitzer Klettergarten",,"DE","2020-04-19T12:00:00Z","os","rp","4","0","1","0","6+",,"","22","0","null"
"ROUTE","B(l)aumann spezial","Treunitzer Klettergarten","Treunitzer Klettergarten",,"DE","2020-04-23T12:00:00Z","go","rp","0","0","1","0","8-",,"","22","0","null"
"ROUTE","Rockys Kauknochen","Treunitzer Klettergarten","Treunitzer Klettergarten",,"DE","2020-04-23T12:00:00Z","rp","rp","0","0","1","0","7+",,"","22","0","null"
"ROUTE","Schlappohralarm","Treunitzer Klettergarten","Treunitzer Klettergarten",,"DE","2020-04-23T12:00:00Z","rp","rp","0","0","3","0","6+",,"","22","0","null"
"ROUTE","Rockys Kauknochen","Treunitzer Klettergarten","Treunitzer Klettergarten",,"DE","2020-04-23T12:00:00Z","rp","rp","0","0","3","0","7+",,"","22","0","null"
"ROUTE","Radanator","Radan Svec Ged.-Wand","Radan Svec Ged.-Wand",,"DE","2020-04-26T12:00:00Z","go","rp","4","0","1","0","8",,"Schöner Fels, schöne Tour. Weiter Haken von 4 auf 5 aber sehr sicher. Aufstieg lohnt  ","21","0","null"
"ROUTE","Czeská Láska","Radan Svec Ged.-Wand","Radan Svec Ged.-Wand",,"DE","2020-04-26T12:00:00Z","os","rp","4","0","1","0","5+",,"","21","0","null"
"ROUTE","Das Leichte und das Schwere","Radan Svec Ged.-Wand","Radan Svec Ged.-Wand",,"DE","2020-04-26T12:00:00Z","os","rp","4","0","1","0","5",,"","21","0","null"
"ROUTE","Das Leichte und das Schwere","Radan Svec Ged.-Wand","Radan Svec Ged.-Wand",,"DE","2020-04-26T12:00:00Z","rp","rp","0","0","3","0","5",,"","21","0","null"
"ROUTE","Czeská Láska","Radan Svec Ged.-Wand","Radan Svec Ged.-Wand",,"DE","2020-04-26T12:00:00Z","rp","rp","0","0","3","0","5+",,"","21","0","null"
"ROUTE","Bremse auch für Schwaben","Katzenlöcher","Katzenlöcher",,"DE","2020-05-12T12:00:00Z","os","rp","0","0","1","0","7-",,"","15","0","null"
"ROUTE","Fer-May-Weg","Katzenlöcher","Katzenlöcher",,"DE","2020-05-12T12:00:00Z","os","rp","4","0","1","0","5",,"","15","0","null"
"ROUTE","Pickel im Nacken","Katzenlöcher","Katzenlöcher",,"DE","2020-05-12T12:00:00Z","go","rp","0","0","1","0","8-",,"","15","0","null"
"ROUTE","Direkte Talseite","Katzenlöcher","Katzenlöcher",,"DE","2020-05-12T12:00:00Z","os","rp","4","0","1","0","6",,"","25","0","null"
"ROUTE","Tempo Kacker","Katzenlöcher","Katzenlöcher",,"DE","2020-05-12T12:00:00Z","os","rp","3","0","1","0","6+",,"","15","0","null"
"ROUTE","Sad Lisa","Katzenlöcher","Katzenlöcher",,"DE","2020-05-12T12:00:00Z","os","rp","0","0","1","0","6",,"","15","0","null"
"ROUTE","Rizzi bizzi","Ruine Riegelstein","Sektor 1",,"DE","2020-06-14T12:00:00Z","f","rp","0","0","1","0","6",,"","10","0","null"
"ROUTE","Nix auf der hohen Kante","Ruine Riegelstein","Sektor 1",,"DE","2020-06-14T12:00:00Z","os","rp","0","0","1","0","6+",,"","10","0","null"
"ROUTE","Luginsland","Ruine Riegelstein","Sektor 1",,"DE","2020-06-14T12:00:00Z","os","rp","0","0","1","0","5-",,"","10","0","null"
"ROUTE","Tempolimit","Ruine Riegelstein","Sektor 2",,"DE","2020-06-14T12:00:00Z","go","rp","0","0","1","0","8-",,"","15","0","null"
"ROUTE","A 7","Ruine Riegelstein","Sektor 2",,"DE","2020-06-14T12:00:00Z","rp","rp","0","0","2","0","8-",,"","15","0","null"
"ROUTE","Höllenfahrt","Ruine Riegelstein","Sektor 1",,"DE","2020-06-14T12:00:00Z","f","rp","0","0","1","0","7",,"","10","0","null"
"ROUTE","Fliegendes Frettchen","Großenoher Wand","Großenoher Wand",,"DE","2020-06-14T12:00:00Z","os","rp","5","0","1","0","6",,"hoher erster Hacken ","21","0","null"
"ROUTE","Verjüngende Kluft","Ruine Riegelstein","Sektor 1",,"DE","2020-06-14T12:00:00Z","os","rp","0","0","1","0","5",,"","10","0","null"
"ROUTE","Prost Paul","Großenoher Wand","Großenoher Wand",,"DE","2020-06-14T12:00:00Z","go","rp","5","0","1","0","8-",,"hart für den grad. Am Fels steht 8+","21","0","null"
"ROUTE","Range Rover","Grüne Hölle","Sektor 2 (UW, OT)",,"DE","2020-06-30T12:00:00Z","os","rp","5","0","1","0","7",,"","18","0","null"
"ROUTE","Pezi","Grüne Hölle","Sektor 1 (GW, Pezi, GT)",,"DE","2020-06-30T12:00:00Z","rp","rp","0","0","3","0","6",,"","8","0","null"
"ROUTE","Das Weiß der Geier","Grüne Hölle","Sektor 2 (UW, OT)",,"DE","2020-06-30T12:00:00Z","os","rp","2","0","1","0","5",,"","12","0","null"
"ROUTE","Pezi","Grüne Hölle","Sektor 1 (GW, Pezi, GT)",,"DE","2020-06-30T12:00:00Z","os","rp","0","0","1","0","6",,"","8","0","null"
"ROUTE","Ebbelwoi Express","Grüne Hölle","Sektor 2 (UW, OT)",,"DE","2020-06-30T12:00:00Z","os","rp","0","0","1","0","7",,"","12","0","null"
"ROUTE","Isolation","Grüne Hölle","Sektor 2 (UW, OT)",,"DE","2020-06-30T12:00:00Z","go","rp","0","0","1","0","8-",,"","18","0","null"
"ROUTE","Vom Feinsten","Schlaraffenland","Hirschbacher Wand",,"DE","2020-07-12T12:00:00Z","go","rp","0","0","1","0","8-",,"","21","0","null"
"ROUTE","Alter Weg","Schlaraffenland","Hirschbacher Wand",,"DE","2020-07-12T12:00:00Z","go","rp","0","0","1","0","6-",,"","21","0","null"
"ROUTE","Muckefuck","Schlaraffenland","Hirschbacher Wand",,"DE","2020-07-12T12:00:00Z","os","rp","3","0","1","0","6+",,"","21","0","null"
"ROUTE","Vom Feinsten","Schlaraffenland","Hirschbacher Wand",,"DE","2020-07-12T12:00:00Z","rp","rp","0","0","2","0","8-",,"","21","0","null"
"ROUTE","Der singende Draht","Lucky Luke","Lucky Luke",,"DE","2020-07-20T12:00:00Z","os","rp","0","0","1","0","5",,"","18","0","null"
"ROUTE","Direkteinstieg (Asterix)","Asterix und Obelix","Asterix und Obelix",,"DE","2020-07-20T12:00:00Z","os","rp","0","0","1","0","7-",,"","17","0","null"
"ROUTE","Rechter Weg","Felsengarten","Felsengarten",,"DE","2020-07-20T12:00:00Z","rp","rp","0","0","3","0","5+",,"","12","0","null"
"ROUTE","Wildwechsel *","Wildwechsel","Wildwechsel",,"DE","2020-07-20T12:00:00Z","rp","rp","0","0","2","0","7+",,"","17","0","null"
"ROUTE","Skorpion","Bergspinnenturm","Bergspinnenturm",,"DE","2020-07-20T12:00:00Z","os","rp","5","0","1","0","6",,"","23","0","null"
"ROUTE","Skorpion","Bergspinnenturm","Bergspinnenturm",,"DE","2020-07-20T12:00:00Z","rp","rp","0","0","1","0","6",,"","23","0","null"
"ROUTE","Der Pony-Express","Lucky Luke","Lucky Luke",,"DE","2020-07-20T12:00:00Z","os","rp","0","0","1","0","5+",,"","18","0","null"
"ROUTE","Wilde Wölfe *","Wildwechsel","Wildwechsel",,"DE","2020-07-20T12:00:00Z","os","rp","4","0","1","0","5+",,"","17","0","null"
"ROUTE","Frost-Fertinger-Weg","Bärnhofer Wand","Bärnhofer Wand",,"DE","2020-07-24T12:00:00Z","f","rp","0","0","1","0","6",,"","22","0","null"
"ROUTE","Waldrausch","Bärnhofer Wand","Bärnhofer Wand",,"DE","2020-07-24T12:00:00Z","rp","rp","0","0","3","0","7",,"","22","0","null"
"ROUTE","Gruppenzwang","Bärnhofer Wand","Bärnhofer Wand",,"DE","2020-07-24T12:00:00Z","go","rp","0","0","1","0","8+",,"","22","0","null"
"ROUTE","Nürnberger Weg","Haidhofer Schlossbergwand","Haidhofer Schlossbergwand",,"DE","2020-07-28T12:00:00Z","os","rp","3","0","1","0","6+",,"","12","0","null"
"ROUTE","Wepsenweg","Haidhofer Schlossbergwand","Haidhofer Schlossbergwand",,"DE","2020-07-28T12:00:00Z","os","rp","2","0","1","0","7-",,"","12","0","null"
"ROUTE","Direkter Haidhofer Weg","Haidhofer Schlossbergwand","Haidhofer Schlossbergwand",,"DE","2020-07-28T12:00:00Z","os","rp","3","0","1","0","5+",,"","12","0","null"
"ROUTE","Hummelsteiner Weg","Haidhofer Schlossbergwand","Haidhofer Schlossbergwand",,"DE","2020-07-28T12:00:00Z","os","rp","0","0","1","0","4+",,"","12","0","null"
"ROUTE","Goldköpfl","Ewige Jagdgründe","Wig Wam",,"AT","2020-09-16T12:00:00Z","os","rp","0","0","1","0","5b",,"","10","0","null"
"ROUTE","Fireline","Ewige Jagdgründe","Wig Wam",,"AT","2020-09-16T12:00:00Z","go","rp","0","0","1","0","6c+",,"","30","0","null"
"ROUTE","Via Lisa","Ewige Jagdgründe","Wig Wam",,"AT","2020-09-16T12:00:00Z","os","rp","0","0","1","0","5c",,"","30","0","null"
"ROUTE","El Schuppo","Ewige Jagdgründe","Wig Wam",,"AT","2020-09-16T12:00:00Z","rp","rp","0","0","2","0","6a+",,"","15","0","null"
"ROUTE","Jean Schampoo","Ewige Jagdgründe","Wig Wam",,"AT","2020-09-16T12:00:00Z","os","rp","0","0","1","0","5c",,"","30","0","null"
"BOULDER","N.N.","Zemmschlucht","Traumschiff",,"AT","2020-09-19T12:00:00Z","f","rp","0","0","1","0","5c",,"","4","0","null"
"ROUTE","Mein Gott Walter lang","Ewige Jagdgründe","Wig Wam",,"AT","2020-09-19T12:00:00Z","go","rp","4","0","1","0","7b+",,"As nice as the shorter version. For me it was very hard to clib the last anker last anker ","25","0","null"
"ROUTE","Mein Gott Walter kurz","Ewige Jagdgründe","Wig Wam",,"AT","2020-09-19T12:00:00Z","os","rp","0","0","1","0","6a",,"","15","0","null"
"BOULDER","Trumpf","Zemmschlucht","Almrausch",,"AT","2020-09-19T12:00:00Z","f","rp","0","0","1","0","5b",,"","4","0","null"
"BOULDER","N.N.","Zemmschlucht","Traumschiff",,"AT","2020-09-19T12:00:00Z","rp","rp","0","0","3","0","6c+",,"","4","0","null"
"ROUTE","Die Schönheitskönigin von Schneizlreuth","Rabensteinhorn","Westwand",,"DE","2021-07-10T12:00:00Z","os",,"0","0","1","null","6a",,"","null","0","null"
"ROUTE","Schoko intensiv","Thalhofergrat","Ostwand",,"AT","2024-05-19T12:00:00Z","rp",,"4","0","0","null","6a",,"","null","0","null"
"ROUTE","Schokoladenpudding","Thalhofergrat","Unknown Sector",,"AT","2024-05-19T12:00:00Z","f",,"5","0","1","null","5a",,"","null","0","null"
"ROUTE","Betthupferl","Thalhofergrat","Ostwand",,"AT","2024-05-19T12:00:00Z","rp",,"5","0","10","null","6c",,"In my opinion, the most tricky 6b I have tried so far. Still, a nearly perfect climb including a hard slap, an overhang and some massive whippers. ","null","0","null"
"ROUTE","Palmwedel","Thalhofergrat","Obere Ostwand",,"AT","2024-05-23T12:00:00Z","go",,"4","0","1","null","6c",,"Nice and occasionally harder than Staubwedel with a hard single crux. Too hard after Betthupferl. According to the local guidebook 6c, which, I think, is fair. ","null","0","null"
"ROUTE","Augenblick des Glücks","Thalhofergrat","Ostwand",,"AT","2024-05-31T12:00:00Z","rp",,"0","0","0","null","6c",,"","null","0","null"
"ROUTE","Royal Arches","Royal Arches","Unknown Sector",,"US","2024-06-05T12:00:00Z","os",,"5","0","1","null","5b+",,"Stunning and Beautiful Climb. Got for a long day and to practice for bigger projects.","null","0","null"
"GYM_ROUTE","Black","Kletteranlage Flakturm",,,,"2024-06-25T12:00:00Z","go","","5","0","1","null","7a",,,"16","0","null"
"GYM_ROUTE","White","Kletteranlage Flakturm",,,,"2024-06-25T12:00:00Z","f","","null","0","1","null","5b",,,"16","0","null"
"GYM_ROUTE","Green","Kletteranlage Flakturm",,,,"2024-06-25T12:00:00Z","go","","5","0","1","0","7b",,,"16","0","null"
"ROUTE","N.N.","Johannesbachklamm","Mitte",,"AT","2024-06-30T12:00:00Z","rp",,"4","0","2","null","6c+",,"","null","0","null"
"ROUTE","Klamauk","Johannesbachklamm","Mitte",,"AT","2024-06-30T12:00:00Z","f",,"0","0","1","null","5c+",,"","null","0","null"
"ROUTE","Klammprojekt","Johannesbachklamm","Links",,"AT","2024-06-30T12:00:00Z","rp",,"5","0","3","null","7a",,"","null","0","null"
"ROUTE","Na","Johannesbachklamm","Mitte",,"AT","2024-06-30T12:00:00Z","f",,"0","0","1","null","5c",,"","null","0","null"
"ROUTE","Mäusehochzeit","Thalhofergrat","Untere Thalhoferwand",,"AT","2024-10-13T12:00:00Z","os",,"0","0","1","null","5c",,"","null","0","null"
"ROUTE","Malaria","Thalhofergrat","Obere Westwand",,"AT","2024-10-13T12:00:00Z","go",,"0","0","1","null","7a",,"","null","0","null"
"ROUTE","Malaria","Thalhofergrat","Obere Westwand",,"AT","2024-10-13T12:00:00Z","go",,"5","0","1","null","7a",,"","null","0","null"
"ROUTE","Samba","Giggerl","Giggerl",,"GR","2024-12-29T12:00:00Z","os","","3","0","1","null","5a",,,"20","0","null"
"ROUTE","Giger","Giggerl","Giggerl",,"GR","2024-12-29T12:00:00Z","go","","3","0","1","null","6b+",,"Loose rock at the upper part and a bit exposed. ","35","0","null"
"ROUTE","Gecko Alive","Giggerl","Giggerl",,"GR","2024-12-29T12:00:00Z","os","","3","0","1","null","6a",,,"25","0","null"
"ROUTE","Metal","Hospital","Hospital",,"GR","2024-12-30T12:00:00Z","os","","4","0","1","null","6b+",,,"37","0","null"
"ROUTE","Mega Pipe","Hospital","Red Rock",,"GR","2024-12-30T12:00:00Z","rp",,"4","0","2","null","6a+",,,"40","0","null"
"ROUTE","Disco","Hospital","Hospital",,"GR","2024-12-30T12:00:00Z","os","","5","0","1","null","6a",,"Was ein Ausblick und was für eine Tour 😊","40","0","null"
"ROUTE","Giota","Hospital","Hospital",,"GR","2024-12-30T12:00:00Z","os","","4","0","1","null","6a",,,"28","0","null"
"ROUTE","Dr. Motte Extension","Theós","Pillar",,"GR","2024-12-31T12:00:00Z","go",,"5","0","2","null","7a",,"","null","0","null"
"ROUTE","Mr. Oizo ext.","Theós","Pillar",,"GR","2024-12-31T12:00:00Z","os",,"4","0","1","null","6b",,"","null","0","null"
"ROUTE","Dr. Motte","Theós","Pillar",,"GR","2025-01-01T12:00:00Z","go",,"0","0","0","null","4b",,"","null","0","null"
"ROUTE","Omihli","Sabaton","Sabaton lower",,"GR","2025-01-02T12:00:00Z","rp",,"4","0","3","null","7a",,,"20","0","null"
"ROUTE","Tokotoukan","Sabaton","Sabaton lower",,"GR","2025-01-02T12:00:00Z","os","","3","0","1","null","6a",,,"16","0","null"
"ROUTE","Best & Worst","Sabaton","Mini Canyon",,"GR","2025-01-02T12:00:00Z","os","","4","0","1","null","6b",,,"20","0","null"
"ROUTE","Manowar","Sabaton","Mini Canyon",,"GR","2025-01-02T12:00:00Z","os","","4","0","1","null","6a+",,,"15","0","null"
"ROUTE","God Save Leonidio","Sabaton","Mini Canyon",,"GR","2025-01-03T12:00:00Z","go","","4","0","1","null","6c",,,"15","0","null"
"ROUTE","And Cakes by Tonnes","Sabaton","Mini Canyon",,"GR","2025-01-03T12:00:00Z","rp",,"5","0","2","null","7a",,"Probably one of the best routes I climbed so far. Crimps, Jugs and Tufas … it has it all.","20","0","null"
"ROUTE","Ta Matia Sou","Sabaton","Mini Canyon",,"GR","2025-01-03T12:00:00Z","f","","4","0","1","null","6b+",,,"15","0","null"
"ROUTE","Mignonette","Kokkinovrachos","Multi-Pitches",,"GR","2025-01-04T12:00:00Z","os","","5","0","1","null","5c+",,,"185","0","null"
"ROUTE","Andate ad Arrampicare!","Cala Gonone -  Chorro","Sardi nel Cuore",,"IT","2025-04-24T12:00:00Z","os","","5","0","1","null","5b",,,"30","0","null"
"ROUTE","Aberrante","Cala Gonone - Biddiriscottai","Biddiriscottai",,"IT","2025-04-24T12:00:00Z","go","","3","0","1","null","6b+",,"Wie alle Touren hier super schmierig und 6b+ sehe ich nicht aber an sich coole Tour.","25","0","null"
"ROUTE","Ho Bisognio di Sole","Cala Gonone -  Chorro","Sardi nel Cuore",,"IT","2025-04-24T12:00:00Z","os","","null","0","1","null","6a",,,"25","0","null"
"ROUTE","N.N.","Cala Gonone -  Chorro","Sardi nel Cuore",,"IT","2025-04-24T12:00:00Z","os","","5","0","1","null","5c",,,"30","0","null"
"ROUTE","Piccante ma non troppo","Cala Gonone -  Chorro","Sardi nel Cuore",,"IT","2025-04-24T12:00:00Z","os","","null","0","1","null","6b+",,,"25","0","null"
"ROUTE","Piccantissima","Cala Gonone -  Chorro","Sardi nel Cuore",,"IT","2025-04-24T12:00:00Z","rp",,"null","0","2","null","6c",,,"20","0","null"
"ROUTE","Schiavi Bianchi","Cala Gonone - Biddiriscottai","Biddiriscottai",,"IT","2025-04-27T12:00:00Z","go","","null","0","1","null","6c+",,,"15","0","null"
"ROUTE","Automatix","Baunei","Villaggio Gallico",,"IT","2025-04-27T12:00:00Z","os",,"4","0","1","null","6c",,"","null","0","null"
"ROUTE","Beltorax","Baunei","Villaggio Gallico",,"IT","2025-04-27T12:00:00Z","os",,"5","0","1","null","6b",,"","null","0","null"
"ROUTE","Marinaio di Foresta","Pedra Longa","Unknown Sector",,"IT","2025-04-27T12:00:00Z","os",,"5","0","1","null","6a+",,"","null","0","null"
"ROUTE","Primafix","Baunei","Villaggio Gallico",,"IT","2025-04-27T12:00:00Z","go",,"0","0","1","null","6c+",,"","null","0","null"
"ROUTE","Primafix","Baunei","Villaggio Gallico",,"IT","2025-04-27T12:00:00Z","rp",,"0","0","2","null","6c+",,"","null","0","null"
"ROUTE","Jackpress","Baunei","Ichnusa",,"IT","2025-04-28T12:00:00Z","go",,"0","0","1","null","7a",,"","null","0","null"
"ROUTE","Twich","Baunei","Campo dei Miracoli",,"IT","2025-04-28T12:00:00Z","os",,"4","0","1","null","6a+",,"","null","0","null"
"ROUTE","Ogliastroman","Su Casteddu","Su Casteddu",,"IT","2025-04-30T12:00:00Z","os","","5","0","1","null","6c",,,"21","0","null"
"ROUTE","Papo papo","Baunei","Ichnusa",,"IT","2025-04-30T12:00:00Z","os",,"5","0","1","null","6a",,"","null","0","null"
"ROUTE","Henergy","Su Casteddu","Su Casteddu",,"IT","2025-04-30T12:00:00Z","os","","null","0","1","null","7a",,"First 7a onsight!
On the final moves, I couldn’t spot any footholds anymore—but I definitely preferred that over baking in the sun. A few jams here and there, plus a kneebar, were definitely helpful for shaking out the pump.

Big thanks to whoever placed the quickdraws—hope it was okay to use them! If not, please don’t leave them in next time.","21","0","null"
"ROUTE","Alma","Su Casteddu","Su Casteddu",,"IT","2025-04-30T12:00:00Z","go","","3","0","1","null","6c",,,"36","0","null"
"ROUTE","Baby","Baunei","Campo dei Miracoli",,"IT","2025-04-30T12:00:00Z","os",,"5","0","1","null","6a+",,"","null","0","null"
"ROUTE","Women rock","Su Casteddu","Su Casteddu",,"IT","2025-04-30T12:00:00Z","os","","5","0","1","null","6a+",,,"21","0","null"
"ROUTE","Jackpress","Baunei","Ichnusa",,"IT","2025-04-30T12:00:00Z","go",,"0","0","1","null","7a",,"","null","0","null"
"ROUTE","Palmwedel","Thalhofergrat","Obere Ostwand",,"AT","2025-05-11T12:00:00Z","rp",,"0","0","1","null","6b+",,"","null","0","null"
"ROUTE","Malaria","Thalhofergrat","Obere Westwand",,"AT","2025-05-11T12:00:00Z","go",,"0","0","1","null","7a",,"","null","0","null"
"ROUTE","Cholera","Thalhofergrat","Südwestwand",,"AT","2025-05-14T12:00:00Z","go",,"0","0","1","null","6c+",,"","null","0","null"
"ROUTE","Turbodiesel","Hohe Wand","Almfrieden",,"AT","2025-06-01T12:00:00Z","rp",,"4","0","3","null","6c+",,"","null","0","null"
"ROUTE","Zwerg Nase","Hohe Wand","Almfrieden",,"AT","2025-06-01T12:00:00Z","os",,"3","0","1","null","6a",,"","null","0","null"
"ROUTE","Widerspenstig","Schrattenbach","Hexenwand",,"AT","2025-07-06T12:00:00Z","go",,"0","0","1","null","7a",,"","null","0","null"
"GYM_ROUTE","Grüße aus dem Westen","Kletterhalle Wien",,,,"2025-07-09T12:00:00Z","os","","null","0","1","null","7a+",,,"18","0","null"
"ROUTE","Glasperlenspiel","Höllental","Niemandsland",,"AT","2025-07-20T12:00:00Z","go",,"5","0","1","null","7a",,"","null","0","null"
"ROUTE","Rosettenkavalier","Höllental","Niemandsland",,"AT","2025-07-20T12:00:00Z","go",,"3","0","1","null","7c+",,"Not my grade and was in the wrong route. Left a carabiner. :/","null","0","null"
"ROUTE","Hut ab Muttertag","Höllental","Niemandsland",,"AT","2025-07-20T12:00:00Z","rp",,"4","0","2","null","6b",,"A bit tricky to find the easy way up. ","null","0","null"
"GYM_ROUTE","Der Kanal des Beschätigtseins","Kletterhalle Wien",,,,"2025-07-25T12:00:00Z","os","","null","0","1","null","5a+",,,"18","0","null"
"GYM_ROUTE","Fidelio","Kletterhalle Wien",,,,"2025-07-25T12:00:00Z","os","","null","0","1","null","6b",,,"18","0","null"
"GYM_ROUTE","Der Kanal des Charismas","Kletterhalle Wien",,,,"2025-07-25T12:00:00Z","os","","null","0","1","null","6a",,,"18","0","null"
"GYM_ROUTE","Green","Kletterhalle Wien",,,,"2025-07-25T12:00:00Z","go","","null","0","1","null","7a+",,"Drop Knee","18","0","null"
"GYM_ROUTE","Die Neue halt","Edelweiss Südstadt",,,,"2025-07-27T12:00:00Z","os","","4","0","1","null","8",,,"16","0","null"
"GYM_ROUTE","der Schweiß ist heiß","Edelweiss Südstadt",,,,"2025-07-27T12:00:00Z","go","","4","0","1","null","8+/9-",,,"16","0","null"
"GYM_ROUTE","Plattenspieler","Edelweiss Südstadt",,,,"2025-07-27T12:00:00Z","os","","5","0","1","null","8-",,,"16","0","null"
"GYM_ROUTE","Die Länge macht´s","Edelweiss Südstadt",,,,"2025-07-27T12:00:00Z","os","","4","0","1","null","6+",,,"16","0","null"
"GYM_BOULDER","Blocksession 07","Blockfabrik",,,,"2025-07-30T12:00:00Z","go","","null","0","1","null","Grade me <3",,"7a","4","0","null"
"GYM_BOULDER","Blocksession 03","Blockfabrik",,,,"2025-07-30T12:00:00Z","f","","null","0","1","0","Grade me <3",,,"4","0","null"
"ROUTE","Malaria","Thalhofergrat","Obere Westwand",,"AT","2025-08-03T12:00:00Z","rp",,"5","0","2","null","7a",,"Endlich 🙌","null","0","null"
"GYM_ROUTE","Fidelio","Kletterhalle Wien",,,,"2025-08-05T12:00:00Z","f","","null","0","1","null","6b",,,"18","0","null"
"GYM_ROUTE","the prince is coming home","Kletterhalle Wien",,,,"2025-08-05T12:00:00Z","go","","3","0","1","null","7a+",,,"18","0","null"
"GYM_ROUTE","the prince is coming home","Kletterhalle Wien",,,,"2025-08-05T12:00:00Z","go","","null","0","1","null","7a+",,,"18","0","null"
"GYM_ROUTE","less friction, more fun","Kletterhalle Wien",,,,"2025-08-05T12:00:00Z","rp",,"null","0","2","null","7a+",,,"18","0","null"
"GYM_ROUTE","Green","Kletterhalle Wien",,,,"2025-08-05T12:00:00Z","rp",,"null","0","2","null","7a+",,,"18","0","null"
"GYM_ROUTE","Iris Pupille","Kletterhalle Wien",,,,"2025-08-05T12:00:00Z","os","","4","0","1","null","7a+",,"Funky","18","0","null"
"GYM_ROUTE","da seh ich rot","Kletterhalle Wien",,,,"2025-08-05T12:00:00Z","go","","null","0","1","null","7a+",,,"18","0","null"
"GYM_ROUTE","Wiki und die starken Mädchen","Kletterhalle Wien",,,,"2025-08-05T12:00:00Z","os","","null","0","1","null","5c",,,"18","0","null"
"GYM_ROUTE","Schismogenesis Solaris I","Kletterhalle Wien",,,,"2025-08-15T12:00:00Z","os","","null","0","1","null","6a+",,,"18","0","null"
"GYM_ROUTE","Triple Split Definition","Kletterhalle Wien",,,,"2025-08-16T12:00:00Z","go","","null","0","1","null","6c",,,"18","0","null"
"GYM_ROUTE","the prince is coming home","Kletterhalle Wien",,,,"2025-08-16T12:00:00Z","go","","null","0","1","null","7a+",,,"18","0","null"
"GYM_ROUTE","Hin und Wieder","Kletterhalle Wien",,,,"2025-08-16T12:00:00Z","os","","4","0","1","null","6c",,,"18","0","null"
"GYM_ROUTE","Manu Negra","Kletterhalle Wien",,,,"2025-08-17T12:00:00Z","os","","null","0","1","null","5c+",,,"18","0","null"
"GYM_ROUTE","Manu Negra Ext.","Kletterhalle Wien",,,,"2025-08-17T12:00:00Z","os","","null","0","1","null","6b+",,,"18","0","null"
"GYM_ROUTE","the prince is coming home","Kletterhalle Wien",,,,"2025-08-20T12:00:00Z","rp",,"3","0","4","null","7a+",,,"18","0","null"
"GYM_ROUTE","Juliapril","Kletterhalle Wien",,,,"2025-08-20T12:00:00Z","os","","3","0","1","null","6b",,,"18","0","null"
"GYM_ROUTE","psychoathletischer Bauchaufschwung","Kletterhalle Wien",,,,"2025-08-20T12:00:00Z","go","","null","0","1","null","7c",,,"18","0","null"
"GYM_ROUTE","viel gerade, viel Kante, viel Ines","Kletterhalle Wien",,,,"2025-08-20T12:00:00Z","go","","null","0","1","null","7c",,,"18","0","null"
"GYM_ROUTE","Urlaub is Coming","Kletterhalle Wien",,,,"2025-08-21T12:00:00Z","go","","null","0","1","null","7b+",,,"18","0","null"
"GYM_ROUTE","Rissquetschwunder","Kletterhalle Wien",,,,"2025-08-21T12:00:00Z","os","","5","0","1","null","7a",,,"18","0","null"
"GYM_ROUTE","as old as school can get","Kletterhalle Wien",,,,"2025-08-27T12:00:00Z","go","","null","0","1","null","7c",,,"18","0","null"
"GYM_ROUTE","search for the good","Kletterhalle Wien",,,,"2025-08-27T12:00:00Z","os","","null","0","1","null","5c",,,"18","0","null"
"GYM_ROUTE","Antiflow","Kletterhalle Wien",,,,"2025-08-27T12:00:00Z","rp",,"4","0","0","null","6b",,,"18","0","null"
"GYM_ROUTE","Black Sabbath","Kletterhalle Wien",,,,"2025-08-27T12:00:00Z","os","","null","0","1","null","6c+",,,"18","0","null"
"GYM_ROUTE","Urlaub is Coming","Kletterhalle Wien",,,,"2025-08-28T12:00:00Z","go","","null","0","1","null","7b+",,,"18","0","null"
"GYM_ROUTE","as old as school can get","Kletterhalle Wien",,,,"2025-09-20T12:00:00Z","go","","null","0","1","null","7c",,,"18","0","null"
"GYM_ROUTE","Minimal Techno","Kletterhalle Wien",,,,"2025-09-20T12:00:00Z","go","","null","0","1","null","7b+",,,"18","0","null"
"GYM_ROUTE","Big Thing Corner","Kletterhalle Wien",,,,"2025-09-20T12:00:00Z","os","","null","0","1","null","6a",,,"18","0","null"
"GYM_ROUTE","Doch z'dick da Nick?","Kletterhalle Wien",,,,"2025-09-23T12:00:00Z","go","","null","0","1","null","6c+",,,"18","0","null"
"GYM_ROUTE","Z´leicht fürs Projekt","Kletterhalle Wien",,,,"2025-09-23T12:00:00Z","os","","4","0","1","null","5c+",,,"18","0","null"
"GYM_ROUTE","Cruella de stil","Kletterhalle Wien",,,,"2025-09-23T12:00:00Z","f","","null","0","1","0","6a+",,,"18","0","null"
"GYM_ROUTE","as old as school can get","Kletterhalle Wien",,,,"2025-09-23T12:00:00Z","go","","null","0","1","null","7c",,,"18","0","null"
"GYM_ROUTE","für Jonathan","Kletterhalle Wien",,,,"2025-09-23T12:00:00Z","go","","null","0","1","null","6c+",,,"18","0","null"
"ROUTE","Ostwandschocker","Thalhofergrat","Ost",,"AT","2025-09-28T12:00:00Z","go",,"0","0","1","null","7a",,"","null","0","null"
"ROUTE","Gruselkabinett","Thalhofergrat","Obere Ostwand",,"AT","2025-09-28T12:00:00Z","os",,"5","0","1","null","6a+",,"","null","0","null"
"ROUTE","Staubwedel","Thalhofergrat","Obere Ostwand",,"AT","2025-10-04T12:00:00Z","rp",,"0","0","0","null","6b+",,"","null","0","null"
"ROUTE","Thaliffizil","Thalhofergrat","Unknown Sector",,"AT","2025-10-04T12:00:00Z","go",,"0","0","1","null","7b",,"","null","0","null"
"ROUTE","Ostwandschocker","Thalhofergrat","Ost",,"AT","2025-10-04T12:00:00Z","go",,"0","0","1","null","7a",,"","null","0","null"
"GYM_ROUTE","good looking from far away....","Kletterhalle Wien",,,,"2025-10-15T12:00:00Z","os","","null","0","1","null","6a",,,"16","0","null"
"GYM_ROUTE","Intervall Hangeln","Kletterhalle Wien",,,,"2025-10-15T12:00:00Z","go","","null","0","1","null","7a+",,,"16","0","null"
"GYM_ROUTE","Stelle dich dem blauen Monster.","Kletterhalle Wien",,,,"2025-10-15T12:00:00Z","os","","null","0","1","null","6c",,,"16","0","null"
"GYM_ROUTE","Die Vergessene","Kletterhalle Wien",,,,"2025-10-15T12:00:00Z","go","","null","0","1","null","7b",,,"16","0","null"
"GYM_ROUTE","Eignungsprüfung Instruktor #2","Kletterhalle Wien",,,,"2025-10-15T12:00:00Z","os","","null","0","1","null","6c+",,,"16","0","null"
"GYM_ROUTE","Eignungsprüfung Instruktor #1","Kletterhalle Wien",,,,"2025-10-15T12:00:00Z","go","","null","0","1","null","6c+",,,"16","0","null"
"GYM_ROUTE","not my strong suit","Kletterhalle Wien",,,,"2025-10-15T12:00:00Z","os","","null","0","1","null","6c",,,"16","0","null"
"ROUTE","On the road again","Čiritež","SUNSET",,"HR","2025-10-24T12:00:00Z","go","","null","0","1","null","6b+",,"Almost unfair for 6b","12","0","null"
"ROUTE","Digging for gold","Kamena vrata","DJEČJE RADOSTI & BOTANICUS & SNJEKULJČICA",,"HR","2025-10-24T12:00:00Z","os","","null","0","1","null","5c",,,"22","0","null"
"ROUTE","Cirkus","Kamena vrata","DJEČJE RADOSTI & BOTANICUS & SNJEKULJČICA",,"HR","2025-10-24T12:00:00Z","rp",,"4","0","2","null","6b",,"Ist der Onsight erst ruiniert, klettert es sich unscheniert. Nice, Route a little bit of everything.","30","0","null"
"ROUTE","Looser","Kompanj","KRANK",,"HR","2025-10-24T12:00:00Z","os","","4","0","1","0","6a",,,"20","0","null"
"ROUTE","Šparoga blues","Kamena vrata","DJEČJE RADOSTI & BOTANICUS & SNJEKULJČICA",,"HR","2025-10-24T12:00:00Z","rp","","null","0","2","null","7a+",,,"15","0","null"
"ROUTE","Šparoga blues","Kamena vrata","DJEČJE RADOSTI & BOTANICUS & SNJEKULJČICA",,"HR","2025-10-24T12:00:00Z","go","","4","0","1","null","7a+",,,"15","0","null"
"ROUTE","Avanti popolo","Buzetski kanjon","PENGARI",,"HR","2025-10-25T12:00:00Z","os","","null","0","1","null","6a+",,,"35","0","null"
"ROUTE","Elio Pisak, ruke stisak","Buzetski kanjon","PENGARI",,"HR","2025-10-25T12:00:00Z","go","","3","0","1","null","6b+",,"Could get the ready move or just didn’t find the beta and did quite a wipper. Hard for the grade.","20","0","null"
"ROUTE","Silence is golden","Buzetski kanjon","PENGARI",,"HR","2025-10-25T12:00:00Z","f","","null","0","1","null","6a",,,"32","0","null"
"ROUTE","Tricky fingers","Kompanj","KATZ",,"HR","2025-10-28T12:00:00Z","go","","null","0","1","null","6b+",,,"15","0","null"
"ROUTE","Krankenhaus","Kompanj","KRANK",,"HR","2025-10-28T12:00:00Z","rp","","null","0","2","0","6c+",,,"27","0","null"
"ROUTE","Therapie","Kompanj","KRANK",,"HR","2025-10-28T12:00:00Z","os","","0","0","1","null","5c",,,"20","0","null"
"ROUTE","Mon Cheri","Kompanj","KATZ",,"HR","2025-10-28T12:00:00Z","os","","3","0","1","null","5c",,,"25","0","null"
"ROUTE","Tohuwabohu","Adlitzgräben","Lari Fari",,"AT","2025-10-31T12:00:00Z","go",,"4","0","1","null","7a",,"","null","0","null"
"GYM_ROUTE","Olivers Alptraum","Kletterhalle Wien",,,,"2025-11-04T12:00:00Z","go","","null","0","1","null","7c",,,"16","0","null"
"ROUTE","Schwesterlein Mein","Höllental","Vordere Stadelwand",,"AT","2025-11-08T12:00:00Z","os",,"3","0","1","null","5c",,"The crux feels closer to 6a. It is reachy and consists of a single but demanding move that feels noticeably harder than other 5c multi-pitch routes in the area. Protection is generally solid, though some sections contain loose rock, so care is advised.

The highlight is definitely the final pitch, featuring a few delicate moves on small crimps, precise footwork, and a short micro layback. very enjoyable climbing.

If you have double ropes and no parties below, abseiling is recommended. The descent via the Gasserl is feasible but somewhat tedious and time-consuming.","null","0","null"
"GYM_ROUTE","Queer und um die Ecke","Kletterhalle Wien",,,,"2025-11-13T12:00:00Z","os","","null","0","1","null","6a+",,,"16","0","null"
"GYM_ROUTE","Peter Jackson","Kletterhalle Wien",,,,"2025-11-13T12:00:00Z","os","","3","0","1","null","6a",,,"16","0","null"
"GYM_ROUTE","Tanz am See mit Martin VT","Kletterhalle Wien",,,,"2025-11-13T12:00:00Z","os","","null","0","1","null","6c",,,"16","0","null"
"GYM_ROUTE","name it yourself","Kletterhalle Wien",,,,"2025-11-13T12:00:00Z","os","","null","0","1","null","6b+",,,"16","0","null"
"GYM_ROUTE","des Teufels Küchenchef","Kletterhalle Wien",,,,"2025-11-14T12:00:00Z","go","","0","0","1","null","7b",,"","16","0","null"
"GYM_ROUTE","des Teufels Küchenchef","Kletterhalle Wien",,,,"2025-11-14T12:00:00Z","go","","4","0","1","null","7b",,,"16","0","null"
"GYM_ROUTE","ein Mädchen Namens Leila","Edelweiss Südstadt",,,,"2025-11-16T12:00:00Z","os","","null","0","1","null","7-",,,"16","0","null"
"GYM_ROUTE","der Schweiß ist heiß","Edelweiss Südstadt",,,,"2025-11-16T12:00:00Z","go","","3","0","1","null","8+/9-",,,"16","0","null"
"GYM_ROUTE","Kids Kletterkombi 1","Edelweiss Südstadt",,,,"2025-11-16T12:00:00Z","os","","null","0","1","null","7-",,,"16","0","null"
"GYM_ROUTE","Die weise Pia","Kletterhalle Wien",,,,"2025-11-18T12:00:00Z","os","","null","0","1","null","6a",,,"16","0","null"
"GYM_ROUTE","Olivers Alptraum","Kletterhalle Wien",,,,"2025-11-18T12:00:00Z","go","","null","0","1","null","7c",,,"16","0","null"
"GYM_ROUTE","all them witches","Kletterhalle Wien",,,,"2025-11-18T12:00:00Z","os","","null","0","1","null","6a+",,,"16","0","null"
"GYM_ROUTE","des Teufels Küchenchef","Kletterhalle Wien",,,,"2025-11-18T12:00:00Z","rp",,"4","0","0","null","7b",,,"16","0","null"
"GYM_ROUTE","La noche pura","Kletterhalle Wien",,,,"2025-11-19T12:00:00Z","os","","null","0","1","null","6c+",,,"16","0","null"
"GYM_ROUTE","Für Georg","Kletterhalle Wien",,,,"2025-11-19T12:00:00Z","os","","null","0","1","null","6b+",,,"16","0","null"
"GYM_ROUTE","name it yourself","Kletterhalle Wien",,,,"2025-11-19T12:00:00Z","rp",,"null","0","0","null","6b+",,,"16","0","null"
"GYM_ROUTE","Spekulatiusverschwörung","Kletterhalle Wien",,,,"2025-11-19T12:00:00Z","os","","null","0","1","null","7a",,,"16","0","null"
"GYM_ROUTE","Emerald City","Kletterhalle Wien",,,,"2025-12-05T12:00:00Z","os","","5","0","1","null","6a",,,"16","0","null"
"GYM_ROUTE","Prima Ballerina","Kletterhalle Wien",,,,"2025-12-05T12:00:00Z","os","","null","0","1","null","6a+",,,"16","0","null"
"GYM_ROUTE","Beli","Kletterhalle Wien",,,,"2025-12-05T12:00:00Z","go","","4","0","1","0","7a",,,"16","0","null"
"GYM_ROUTE","Hans-Stadt Stadlau","Kletterhalle Wien",,,,"2025-12-05T12:00:00Z","go","","null","0","1","null","7b+",,,"16","0","null"
"GYM_ROUTE","Hans-Stadt Stadlau","Kletterhalle Wien",,,,"2025-12-05T12:00:00Z","go","","null","0","1","0","7b+",,,"16","0","null"
"GYM_ROUTE","Der Kanal der Hingabe","Kletterhalle Wien",,,,"2026-01-03T12:00:00Z","os","","null","0","1","null","6a+",,,"16","0","null"
"GYM_ROUTE","पावित्र means holy!","Kletterhalle Wien",,,,"2026-01-03T12:00:00Z","go","","3","0","1","null","7a+",,,"16","0","null"
"GYM_ROUTE","पावित्र means holy!","Kletterhalle Wien",,,,"2026-01-03T12:00:00Z","go","","null","0","1","null","7a+",,,"16","0","null"
"GYM_ROUTE","Purer Elch grüßt Planke Jasmin!","Kletterhalle Wien",,,,"2026-01-03T12:00:00Z","go","","null","0","1","null","6b",,"Food slipped at the top 😬🙉","16","0","null"
"GYM_ROUTE","subkutane Keksiverbrennungsanlage","Kletterhalle Wien",,,,"2026-01-03T12:00:00Z","go","","null","0","1","null","7b",,,"16","0","null"
"GYM_ROUTE","16.2","Kletterhalle Wien",,,,"2026-01-03T12:00:00Z","os","","null","0","1","null","6a",,,"16","0","null"
"GYM_ROUTE","underpromising and overdelivering","Kletterhalle Wien",,,,"2026-01-03T12:00:00Z","go","","4","0","1","null","7b",,,"16","0","null"
"ROUTE","Obere Naglkante","Hohe Wand","Naglplatten",,"AT","2026-02-28T12:00:00Z","os",,"4","0","1","null","6a",,"","null","0","null"
"ROUTE","Anwandler","Hohe Wand","Naglplatten",,"AT","2026-02-28T12:00:00Z","os",,"0","0","1","null","6a",,"","null","0","null"
